handle,title,description_html,seo_title,seo_description,source_id,published,product_count,rules_count
"house-kits","Panelized SIP Panel House Kit | Energy-Efficient SIP Home Kit","<p><meta charset=""utf-8"">Structural Insulated Panels, commonly known as <strong data-start=""47"" data-end=""62"">SIPs panels</strong>, are one of the fastest-growing building systems in the United States because they create stronger, more energy-efficient homes while dramatically reducing construction time. At AmishBuiltCabins.com we specialize in high-quality <strong data-start=""285"" data-end=""304"">SIP panel homes</strong>, <strong data-start=""306"" data-end=""323"">SIP kit homes</strong>, and complete <strong data-start=""338"" data-end=""351"">SIP homes</strong> designed for easy installation and superior insulation performance. Our precision-engineered <strong data-start=""445"" data-end=""460"">SIPs panels</strong> are manufactured to create airtight building envelopes that outperform traditional stick framing, helping homeowners save significantly on energy costs while building faster and stronger structures. Whether you are planning a modern cabin, barndominium, vacation home, or full-time residence, our <strong data-start=""758"" data-end=""777"">SIP panel homes</strong> and <strong data-start=""782"" data-end=""799"">SIP kit homes</strong> provide a streamlined solution that ships nationwide and can be assembled quickly by builders or experienced DIY homeowners. With the growing demand for efficient construction, <strong data-start=""977"" data-end=""990"">SIP homes</strong> built using advanced <strong data-start=""1012"" data-end=""1027"">SIPs panels</strong> are becoming the preferred choice for people who want durability, energy efficiency, and faster build times without sacrificing design flexibility. If you are searching for premium <strong data-start=""1209"" data-end=""1224"">SIPs panels</strong>, professionally designed <strong data-start=""1250"" data-end=""1269"">SIP panel homes</strong>, or turnkey <strong data-start=""1282"" data-end=""1299"">SIP kit homes</strong>, HouseKits.com offers one of the most complete selections of <strong data-start=""1361"" data-end=""1374"">SIP homes</strong> and <strong data-start=""1379"" data-end=""1394"">SIPs panels</strong> available anywhere in the country.</p>","Panelized SIP Panel House Kit | Energy-Efficient SIP Home Kit | ModularHome","Structural Insulated Panels, commonly known as SIPs panels, are one of the fastest-growing building systems in the United States because they create stronger, m","496751706428","false","95","95"
"prefab-homes","Prefab Homes - Prefab Housing","<p><meta charset=""utf-8"">Looking for the best <strong data-start=""183"" data-end=""199"">prefab homes</strong> in America? At AmishBuiltCabins.com, we specialize in high-quality, affordable <strong data-start=""281"" data-end=""299"">prefab housing</strong> and <strong data-start=""304"" data-end=""325"">modular home kits</strong> delivered nationwide. Whether you're building your first home, a vacation cabin, or a modern modular residence, our prefab solutions offer unbeatable value, fast installation, and long-lasting durability. With customizable floor plans, precision-built framing, and 40-year metal warranties, our <strong data-start=""621"" data-end=""645"">prefab modular homes</strong> are engineered for both comfort and performance. Backed by American craftsmanship and nationwide delivery, we’re your #1 source for <strong data-start=""778"" data-end=""798"">prefab home kits</strong> that are built to last and priced to move.</p>","Prefab Homes - Prefab Housing | ModularHome","Looking for the best prefab homes in America? At AmishBuiltCabins.com, we specialize in high-quality, affordable prefab housing and modular home kits delivered","497296048444","false","348","1"
"barndominium-kits","Barndominium Kits  - Barndo Kits - Barndominium House Kits","<p><meta charset=""utf-8""><strong data-start=""177"" data-end=""245"">Looking for high-quality barndominium kits at unbeatable prices?</strong> Our customizable barndominium kits are engineered for strength, style, and simplicity — perfect for your dream home, workshop, or multi-use space. We offer nationwide shipping and a wide range of floor plans, including metal barndominium kits with open-concept living, integrated garages, and modern finishes. Whether you're building in the country or the suburbs, our barndominium kits are easy to assemble, energy-efficient, and designed to meet local codes. Start your journey with the best barndominium kit supplier in the USA. <strong data-start=""778"" data-end=""865"">Get a free quote today and see why thousands trust us for their barndominium build.</strong></p>","Barndominium Kits  - Barndo Kits - Barndominium House Kits | ModularHome","Looking for high-quality barndominium kits at unbeatable prices? Our customizable barndominium kits are engineered for strength, style, and simplicity — perfect","506296959292","false","67","1"
"steel-barndominium-kits","Steel Barndominium Kits - Steel Barndo Kits For Sale","<p><meta charset=""utf-8"">Looking for the best <strong data-start=""216"" data-end=""243"">steel barndominium kits</strong> on the market? At AmishBuiltCabins.com , we specialize in affordable, customizable <strong data-start=""321"" data-end=""348"">steel barndominium kits</strong> that are engineered for strength, energy efficiency, and easy installation. Whether you're building a modern farmhouse, a rural retreat, or a full-time residence, our <strong data-start=""516"" data-end=""531"">barndo kits</strong> come pre-designed with precision-cut steel framing, roof panels, and siding for long-term durability. We ship nationwide and offer sizes ranging from 30x40 to 60x100, all backed by detailed blueprints and support. Join hundreds of happy customers who trust us for high-quality <strong data-start=""809"" data-end=""845"">steel barndominium building kits</strong> that are built to last. Get a fast quote today and take the first step toward your dream metal home.</p>","Steel Barndominium Kits - Steel Barndo Kits For Sale | ModularHome","Looking for the best steel barndominium kits on the market? At AmishBuiltCabins.com , we specialize in affordable, customizable steel barndominium kits that are","506316947772","false","67","1"
"barndo-kits","Barndo Kits - Barndo House Kits","<p><meta charset=""utf-8""><strong data-start=""98"" data-end=""172"">Shop the best barndo kits for your dream build — delivered nationwide!</strong> Our premium barndo kits combine the durability of steel with the charm of open-concept living, offering flexible layouts for homes, shops, or hybrid spaces. With customizable options, fast lead times, and easy-to-assemble components, our barndo kits are perfect for DIYers, contractors, and landowners ready to build smarter and faster. Whether you need a small barndo kit or a full-sized barndo home with a garage, we've got you covered. <strong data-start=""612"" data-end=""705"">Start building with the most trusted name in barndo kits — request your free quote today!</strong></p>","Barndo Kits - Barndo House Kits | ModularHome","Shop the best barndo kits for your dream build — delivered nationwide! Our premium barndo kits combine the durability of steel with the charm of open-concept li","506297057596","false","67","1"
"a-frame-cabins-aframe-cabins","A-Frame Cabins (Aframe Cabins)","<h2 data-end=""361"" data-start=""294""><strong data-end=""361"" data-start=""300"">Pre-Built Modular A-Frame Cabins Built by Amish Craftsmen</strong></h2>
<p data-end=""641"" data-start=""363"">Experience the timeless quality of <strong data-end=""421"" data-start=""398"">Amish craftsmanship</strong> combined with modern modular home innovation. Our <strong data-end=""508"" data-start=""472"">pre-built modular A-frame cabins</strong> are designed, handcrafted, and delivered ready to enjoy — bringing together rustic beauty, energy efficiency, and superior strength.</p>
<p data-end=""963"" data-start=""643"">At <strong data-end=""670"" data-start=""646"">AmishBuiltCabins.com</strong>, every cabin is constructed by skilled Amish builders who have spent generations perfecting their craft. Each A-frame is precision-built in a controlled shop environment, then transported to your property and set in place — saving you months of construction time and thousands in labor costs.</p>
<hr data-end=""968"" data-start=""965"">
<h3 data-end=""1029"" data-start=""970"">🪚 <strong data-end=""1029"" data-start=""977"">Why Choose an Amish-Built Modular A-Frame Cabin?</strong>
</h3>
<ul data-end=""1633"" data-start=""1031"">
<li data-end=""1159"" data-start=""1031"">
<p data-end=""1159"" data-start=""1033""><strong data-end=""1056"" data-start=""1033"">True Amish Quality:</strong> Hand-built by experienced Amish carpenters using the best materials and traditional joinery methods.</p>
</li>
<li data-end=""1264"" data-start=""1160"">
<p data-end=""1264"" data-start=""1162""><strong data-end=""1188"" data-start=""1162"">Pre-Built Convenience:</strong> Fully assembled or modular delivery options that arrive ready to install.</p>
</li>
<li data-end=""1397"" data-start=""1265"">
<p data-end=""1397"" data-start=""1267""><strong data-end=""1295"" data-start=""1267"">Energy-Efficient Design:</strong> Tight-sealed construction, insulated walls, and premium windows keep heating and cooling costs low.</p>
</li>
<li data-end=""1544"" data-start=""1398"">
<p data-end=""1544"" data-start=""1400""><strong data-end=""1418"" data-start=""1400"">Built to Last:</strong> Every A-frame cabin is engineered for strength, longevity, and beauty — backed by generations of Amish building excellence.</p>
</li>
</ul>","A-Frame Cabins (Aframe Cabins) | ModularHome","Pre-Built Modular A-Frame Cabins Built by Amish Craftsmen
Experience the timeless quality of Amish craftsmanship combined with modern modular home innovation. O","510737154364","false","2","2"
"barndominium-house-plans","BARNDOMINIUM HOUSE PLANS - BARNDOMINIUM HOME PLANS - BARNDO FLOOR PLANS","<p style=""text-align: center;""><a href=""https://barndominiumplans.com?ref=osi__cabin_cowboy_"" title=""BARNDO HOUSE PLANS""><strong>CLICK HERE TO SHOP OUR BARNDO HOUSE PLANS</strong></a><strong></strong></p>
<p><strong><meta charset=""utf-8"">Looking for the perfect barndominium house plans? At BarndominiumHomes.com, we offer professionally designed barndo floor plans that combine modern living with the strength, efficiency, and affordability of steel-frame construction. Our barndominium plans are engineered to be customizable, easy to build, and ideal for families, homesteaders, investors, and anyone dreaming of a stylish, open-concept barn-style home. Whether you want a simple 1-story barndo, a shop-house combo, a barndominium with a large garage, or a luxurious 2-story layout, our collection provides high-quality designs created specifically for budget-friendly construction and fast build times. Explore our curated selection of barndominium house plans and find the perfect blueprint to turn your land into the barndo home you’ve always wanted.</strong></p>
<p style=""text-align: center;""><strong><meta charset=""utf-8""> <a href=""https://barndominiumplans.com?ref=osi__cabin_cowboy_"" title=""BARNDO HOUSE PLANS"">CLICK HERE TO SHOP OUR BARNDO HOUSE PLANS</a></strong></p>","BARNDOMINIUM HOUSE PLANS - BARNDOMINIUM FLOOR PLANS - BARNDO PLANS | ModularHome","CLICK HERE TO SHOP OUR BARNDO HOUSE PLANS
Looking for the perfect barndominium house plans? At BarndominiumHomes.com, we offer professionally designed barndo fl","512621412668","false","2","2"
"granny-pods","Granny Pods","<p><meta charset=""utf-8""><strong data-end=""276"" data-start=""261"">Granny pods</strong>—also known as a <strong data-end=""307"" data-start=""293"">granny pod</strong>, <strong data-end=""323"" data-start=""309"">in-law pod</strong>, <strong data-end=""348"" data-start=""325"">backyard granny pod</strong>, or <strong data-end=""386"" data-start=""353"">accessory dwelling unit (ADU)</strong>—are one of the fastest-growing housing solutions for families who want affordable, private, and comfortable living space for aging parents or loved ones. Our <strong data-end=""560"" data-start=""545"">granny pods</strong> are designed as high-quality, standalone backyard homes that provide safety, independence, and modern comfort without the cost or hassle of traditional home additions. Whether you’re looking for a <strong data-end=""778"" data-start=""758"">small granny pod</strong>, <strong data-end=""801"" data-start=""780"">prefab granny pod</strong>, <strong data-end=""824"" data-start=""803"">custom granny pod</strong>, or a <strong data-end=""858"" data-start=""831"">turnkey granny pod home</strong>, we offer flexible layouts, premium materials, and nationwide availability. These <strong data-is-only-node="""" data-end=""956"" data-start=""941"">granny pods</strong> are ideal for multigenerational living, senior housing, guest houses, or long-term backyard residences, all while adding value to your property. If you’re searching for the best <strong data-end=""1149"" data-start=""1135"">granny pod</strong>, <strong data-end=""1175"" data-start=""1151"">granny pods for sale</strong>, or a reliable <strong data-end=""1213"" data-start=""1191"">granny pod builder</strong>, you’re in the right place.</p>","Granny Pods | ModularHome","Granny pods—also known as a granny pod, in-law pod, backyard granny pod, or accessory dwelling unit (ADU)—are one of the fastest-growing housing solutions for f","514019885372","false","7","7"
"tiny-homes","Tiny Homes","<p data-start=""284"" data-end=""1204""><strong data-start=""284"" data-end=""298"">Tiny homes</strong> are redefining affordable, efficient, and flexible living across the United States, offering a smarter alternative to traditional housing. Our <strong data-start=""442"" data-end=""456"">tiny homes</strong> are expertly designed to maximize space, comfort, and durability, making them ideal for full-time living, vacation homes, rental properties, backyard guest houses, or off-grid living. Whether you’re searching for a <strong data-start=""672"" data-end=""685"">tiny home</strong>, <strong data-start=""687"" data-end=""710"">tiny homes for sale</strong>, <strong data-start=""712"" data-end=""733"">prefab tiny homes</strong>, <strong data-start=""735"" data-end=""756"">custom tiny homes</strong>, or <strong data-start=""761"" data-end=""789"">turnkey tiny home builds</strong>, we offer modern layouts, high-quality construction, and nationwide availability. These <strong data-start=""878"" data-end=""892"">tiny homes</strong> provide lower costs, faster build times, and energy-efficient designs without sacrificing style or functionality. If you’re looking for reliable <strong data-start=""1038"" data-end=""1060"">tiny home builders</strong>, affordable <strong data-start=""1073"" data-end=""1094"">tiny home housing</strong>, or a long-term solution for minimalist living, our <strong data-start=""1147"" data-end=""1161"" data-is-only-node="""">tiny homes</strong> deliver unmatched value and craftsmanship.</p>
<ul data-start=""1333"" data-end=""1578"">
<li data-start=""1333"" data-end=""1356"">
<p data-start=""1335"" data-end=""1356"">Tiny homes for sale</p>
</li>
<li data-start=""1357"" data-end=""1378"">
<p data-start=""1359"" data-end=""1378"">Prefab tiny homes</p>
</li>
<li data-start=""1379"" data-end=""1406"">
<p data-start=""1381"" data-end=""1406"">Custom tiny home builds</p>
</li>
<li data-start=""1407"" data-end=""1429"">
<p data-start=""1409"" data-end=""1429"">Turnkey tiny homes</p>
</li>
<li data-start=""1430"" data-end=""1453"">
<p data-start=""1432"" data-end=""1453"">Backyard tiny homes</p>
</li>
<li data-start=""1454"" data-end=""1489"">
<p data-start=""1456"" data-end=""1489"">Tiny homes for full-time living</p>
</li>
<li data-start=""1490"" data-end=""1515"">
<p data-start=""1492"" data-end=""1515"">Affordable tiny homes</p>
</li>
<li data-start=""1516"" data-end=""1544"">
<p data-start=""1518"" data-end=""1544"">Modern tiny home designs</p>
</li>
<li data-start=""1545"" data-end=""1578"">
<p data-start=""1547"" data-end=""1578"">Tiny home builders in the USA</p>
</li>
</ul>","Tiny Homes | ModularHome","Tiny homes are redefining affordable, efficient, and flexible living across the United States, offering a smarter alternative to traditional housing. Our tiny h","514020704572","false","707","1"
"cabins-for-sale","Cabins For Sale","<p>Looking for <strong>cabins for sale</strong>? AmishBuiltCabins.com offers one of the largest selections of <strong>cabins for sale, log cabins for sale, prefab cabins for sale, and small cabins for sale</strong> available anywhere online. Whether you are searching for a cozy weekend retreat, a hunting cabin, a vacation cabin, or a full-time cabin home, our growing collection of cabin models makes it easy to find the perfect cabin for your property. Buyers across the United States are increasingly choosing cabins because they offer beautiful rustic design, efficient floor plans, and a faster building process compared to traditional homes. From <strong>tiny cabins and small cabins for sale</strong> to larger <strong>log cabins and modern prefab cabins</strong>, our cabins are designed to provide durability, comfort, and timeless cabin style. Many customers choose our cabins for vacation properties, mountain land, lakefront property, rural acreage, Airbnb rentals, and family getaway homes. If you are searching for <strong>cabins for sale near me, affordable cabins for sale, prefab cabins for sale, log cabins for sale, or small cabins for sale</strong>, AmishBuiltCabins.com makes it easy to browse a wide variety of cabin designs and find the right model for your land and lifestyle. Our cabin models combine traditional craftsmanship with efficient construction methods, allowing homeowners to enjoy the charm of a cabin while building faster and more affordably.</p>
<p>Interested in buying one of our <strong>cabins for sale</strong> or want help choosing the right cabin model for your property? <strong>Call our team today at 812-595-4033 and we will help you find the perfect cabin, log cabin, prefab cabin, or small cabin for your land.</strong></p>","Cabins For Sale | ModularHome","Looking for cabins for sale? AmishBuiltCabins.com offers one of the largest selections of cabins for sale, log cabins for sale, prefab cabins for sale, and smal","515852697916","false","738","1"
"house-plans-home-plans-cabin-plans","House Plans - Home Plans - Cabin Plans","<p>Looking for <strong>house plans or home plans you can trust?</strong> AmishBuiltCabins.com offers a growing collection of house plans, home plans, cabin plans, and modern floor plans designed for buyers who want high-quality architectural designs that are both beautiful and practical to build. House plans and home plans are the starting point for every successful home project, giving builders and homeowners a clear vision for layout, structure, and design before construction begins. Whether you are searching for house plans for a family home, vacation cabin, Airbnb investment property, lake house, farmhouse, mountain retreat, or a full-time residence, our expanding collection of professionally designed home plans provides options for a wide variety of styles, budgets, and property types.</p>
<p>Buyers across the country are increasingly searching for <strong>house plans, home plans, floor plans, and custom home plans</strong> because choosing the right design is one of the most important steps in building a home. Our house plans and home plans include a wide range of architectural styles including modern house plans, farmhouse plans, cabin house plans, barndominium plans, ranch home plans, contemporary home plans, and small house plans designed for efficient living. Each home plan focuses on practical layouts, open living areas, comfortable bedrooms, efficient kitchens, and functional spaces that make everyday living easier. Many buyers use house plans and home plans to build primary residences, vacation homes, rental properties, guest houses, and investment homes that are both attractive and highly functional.</p>
<p>Our growing collection of <strong>house plans and home plans</strong> includes small home plans, large luxury home plans, two-story house plans, one-story house plans, cabin house plans, and modern open-concept floor plans designed to meet the needs of today’s housing market. Whether you are looking for affordable house plans for a starter home, spacious home plans for a growing family, modern home plans with open layouts, or custom house plans designed specifically for your land, you will find a wide selection of professionally designed home plans ready to build.</p>
<p>If you are searching for <strong>house plans, home plans, floor plans, or custom home plans</strong>, AmishBuiltCabins.com is ready to help. Our team works to provide high-quality home designs that make it easier for buyers, builders, and investors to bring their dream home to life. Call <strong>812-595-4033</strong> today to learn more about our growing collection of house plans and home plans available nationwide.</p>","House Plans - Home Plans - Cabin Plans | ModularHome","Looking for house plans or home plans you can trust? AmishBuiltCabins.com offers a growing collection of house plans, home plans, cabin plans, and modern floor","515961585980","false","738","1"
"commercial-modular-buildings","Commercial Modular Buildings","<p>Looking for <strong>commercial modular buildings</strong> or trusted <strong>modular building contractors</strong>? You’re in the right place. At Commercial Modular Builders, we connect you with top-rated <strong>modular builders nationwide</strong> specializing in fast, cost-effective, and high-quality modular construction for commercial projects of all sizes.</p>
<p>From <strong>modular office buildings</strong> and <strong>modular classrooms</strong> to <strong>retail spaces, medical clinics, workforce housing, and large-scale commercial developments</strong>, modular construction is changing the way America builds.</p>
<hr>
<h1>What Are Commercial Modular Buildings?</h1>
<p><strong>Commercial modular buildings</strong> are structures built in sections (modules) in a controlled factory environment, then delivered and assembled on-site. This process allows projects to be completed significantly faster than traditional construction—often in a fraction of the time—while maintaining exceptional quality and durability.</p>
<p>Most modular building projects can be installed quickly, with many completed in weeks instead of months.</p>
<hr>
<h1>Types of Commercial Modular Buildings We Offer</h1>
<p>We help clients find builders for all types of modular commercial projects, including:</p>
<ul>
<li>
<p>Modular Office Buildings</p>
</li>
<li>
<p>Modular Classroom Buildings</p>
</li>
<li>
<p>Modular Medical &amp; Healthcare Facilities</p>
</li>
<li>
<p>Modular Retail Stores &amp; Restaurants</p>
</li>
<li>
<p>Modular Apartment &amp; Workforce Housing</p>
</li>
<li>
<p>Modular Government &amp; Municipal Buildings</p>
</li>
<li>
<p>Modular Industrial &amp; Warehouse Offices</p>
</li>
</ul>
<p>No matter your project, we can connect you with experienced <strong>commercial modular builders</strong> ready to deliver.</p>
<hr>
<h1> Find Commercial Modular Builders Near You</h1>
<p>We work with a nationwide network of trusted <strong>modular construction companies</strong> and <strong>commercial modular building manufacturers</strong>. Whether you’re developing a single unit or a multi-million dollar project, we help match you with the right builder for your needs.</p>
<p>Our builders specialize in:</p>
<ul>
<li>
<p>Turnkey modular construction</p>
</li>
<li>
<p>Design-build modular projects</p>
</li>
<li>
<p>Custom commercial modular buildings</p>
</li>
<li>
<p>Code-compliant builds for all 50 states</p>
</li>
<li>
<p>Fast-track project timelines</p>
</li>
</ul>
<hr>
<h1> Why Choose Modular Construction?</h1>
<p>Modular construction is rapidly becoming the preferred method for commercial projects due to its many advantages:</p>
<h3>Faster Build Times</h3>
<p>Many modular projects are completed up to 30–50% faster than traditional builds.</p>
<h3>Cost Efficiency</h3>
<p>Reduced labor costs, less material waste, and faster timelines mean significant savings.</p>
<h3>Higher Quality Control</h3>
<p>Factory-built modules ensure precision, consistency, and reduced delays due to weather.</p>
<h3>Scalable &amp; Expandable</h3>
<p>Modular buildings can easily be expanded as your business grows.</p>
<h3>Environmentally Friendly</h3>
<p>Less waste and more efficient building practices make modular construction a smarter choice.</p>
<hr>
<h1>Why Work With Commercial Modular Builders?</h1>
<p>Instead of searching endlessly for contractors, we simplify the process by connecting you directly with experienced <strong>modular builders</strong> who specialize in commercial projects.</p>
<p>When you work with us:</p>
<ul>
<li>
<p>You get access to a <strong>nationwide builder network</strong></p>
</li>
<li>
<p>We match you with the <strong>right builder for your project and budget</strong></p>
</li>
<li>
<p>You save time, money, and headaches</p>
</li>
<li>
<p>You get faster project timelines</p>
</li>
</ul>
<hr>
<h1>Nationwide Commercial Modular Building Services</h1>
<p>We help clients across all 50 states find the best <strong>commercial modular building companies near them</strong>, including:</p>
<ul>
<li>
<p>Texas</p>
</li>
<li>
<p>Florida</p>
</li>
<li>
<p>California</p>
</li>
<li>
<p>Tennessee</p>
</li>
<li>
<p>Indiana</p>
</li>
<li>
<p>Kentucky</p>
</li>
<li>
<p>Ohio</p>
</li>
<li>
<p>And everywhere in between</p>
</li>
</ul>
<p>No matter where your project is located, we can help you get started.</p>
<hr>
<h1>Get a Quote on Your Commercial Modular Building</h1>
<p>Ready to start your project?</p>
<p>Whether you need a <strong>modular office building</strong>, a <strong>modular classroom</strong>, or a large-scale commercial development, our network of builders is ready to help.</p>
<p>👉 <strong>Call 812-595-4033 today to get connected with a commercial modular builder near you</strong></p>
<p>or</p>
<p>👉 <strong>Submit your project details and get a fast quote from trusted modular construction companies</strong></p>
<p> </p>
<p><br></p>","Commercial Modular Buildings | ModularHome","Looking for commercial modular buildings or trusted modular building contractors? You’re in the right place. At Commercial Modular Builders, we connect you with","516175331644","false","739","1"