ID,Handle,Command,Title,Body HTML,Created At,Updated At,Published,Published At,Template Suffix,Metafield: title_tag [string],Metafield: description_tag [string],Metafield: ess_grid_gallery.ess_grid_gallery_id [number_integer]
144976871740,contact,MERGE,Contact Us,,2025-02-16 14:40:58 -0500,2025-02-16 14:40:58 -0500,True,2024-09-08 23:28:50 -0400,contact,,,
144979099964,about,MERGE,About,,2025-02-16 14:42:56 -0500,2025-02-16 14:42:56 -0500,True,2024-12-11 15:35:43 -0500,,,,
159165382972,small-space,MERGE,Small Space,,2026-08-01 00:34:47 -0400,2026-08-03 04:19:56 -0400,True,2026-08-01 00:34:44 -0400,small-space,,,
159165415740,studio-models,MERGE,Studio Models,,2026-08-01 00:38:20 -0400,2026-08-03 04:19:47 -0400,True,2026-08-01 00:38:17 -0400,studio-model,,,
159165546812,1-bed-1-bath-models,MERGE,1 Bed 1 Bath Models,,2026-08-01 00:41:21 -0400,2026-08-03 23:47:46 -0400,True,2026-08-01 00:41:19 -0400,1bed-1bath,,,
159165448508,modern-living,MERGE,Modern Living,,2026-08-01 00:39:21 -0400,2026-08-03 04:19:36 -0400,True,2026-08-01 00:39:19 -0400,modern-living,,,
159165645116,1-bed-1-bath-with-roof-top-deck-models,MERGE,1 Bed 1 Bath with Roof Top Deck Models,,2026-08-01 00:42:23 -0400,2026-08-03 04:19:09 -0400,True,2026-08-01 00:42:20 -0400,1bed-1bath-roof,,,
159165481276,multi-family,MERGE,Multi-Family,,2026-08-01 00:40:03 -0400,2026-08-03 04:19:29 -0400,True,2026-08-01 00:40:00 -0400,multi-family,,,
159165743420,2-bed-2-bath-models,MERGE,2 Bed 2 Bath Models,,2026-08-01 00:43:17 -0400,2026-08-03 04:19:02 -0400,True,2026-08-01 00:43:14 -0400,2bed-2bath,,,
159165776188,3-bed-3-bath-models,MERGE,3 Bed 3 Bath Models,,2026-08-01 00:43:46 -0400,2026-08-03 04:18:51 -0400,True,2026-08-01 00:43:43 -0400,3bed-3bath,,,
159165808956,3-bed-3-bath-with-deck-models,MERGE,3 Bed 3 Bath with Deck Models,,2026-08-01 00:44:15 -0400,2026-08-03 04:18:45 -0400,True,2026-08-01 00:44:12 -0400,3bed-3bath-deck,,,
159165874492,4-bed-3-bath-models,MERGE,4 Bed 3 Bath Models,,2026-08-01 00:45:13 -0400,2026-08-03 04:20:56 -0400,True,2026-08-01 00:45:11 -0400,4bed-3bath,,,
159210373436,the-cube-link-system,MERGE,The Cube Link System,,2026-08-03 04:23:10 -0400,2026-08-03 04:23:14 -0400,True,2026-08-03 04:23:12 -0400,cube-link,,,
